"","materialSampleID","eventDate","samplingStation","waterSample","Latitude","Longitude","year","month","day","lat","lon","class","bank","distance_to_scatarie","distance_to_curdo"
"1","Sample-2",2022-08-14,"SAB_TRANS_01",493859,"45.989473","59.210587",2022,8,14,45.989473,-59.210587,"Till with coraline algae","Scatarie Bank",0,0
"2","Sample-9",2022-08-14,"SAB_TRANS_02",493866,"45.997298","59.206822",2022,8,14,45.997298,-59.206822,"Till with coraline algae","Scatarie Bank",0,0
"3","Sample-15",2022-08-14,"SAB_TRANS_03",493872,"46.009493","59.198733",2022,8,14,46.009493,-59.198733,"Till with coraline algae",NA,0,0
"4","Sample-21",2022-08-14,"SAB_TRANS_04",493878,"46.059583","59.164493",2022,8,14,46.059583,-59.164493,"Till >50% cobbles/gravel",NA,0,0
"5","Sample-27",2022-08-14,"SAB_TRANS_05",493884,"46.136212","59.114668",2022,8,14,46.136212,-59.114668,"Till >50% cobbles/gravel",NA,0,0
"6","Sample-33",2022-08-14,"SAB_TRANS_06",493890,"46.206397","59.064167",2022,8,14,46.206397,-59.064167,"Mud",NA,0,0
"7","Sample-39",2022-08-16,"SAB_TRANS_09",493896,"45.994038","59.2033",2022,8,16,45.994038,-59.2033,"Till with coraline algae","Scatarie Bank",0,0
"8","Sample-46",2022-08-16,"SAB_TRANS_10",493903,"46.004213","59.187348",2022,8,16,46.004213,-59.187348,"Till with coraline algae",NA,0,0
"9","Sample-52",2022-08-16,"SAB_TRANS_11",493909,"46.039947","59.12182",2022,8,16,46.039947,-59.12182,"Till >50% cobbles/gravel",NA,0,0
"10","Sample-58",2022-08-16,"SAB_TRANS_12",493915,"46.089122","59.031503",2022,8,16,46.089122,-59.031503,"Till >50% cobbles/gravel",NA,0,0
"11","Sample-64",2022-08-16,"SAB_TRANS_13",493921,"46.144643","58.939653",2022,8,16,46.144643,-58.939653,"Till >50% cobbles/gravel",NA,0,0
"12","Sample-70",2022-08-16,"SAB_TRANS_14",493927,"46.194957","58.852367",2022,8,16,46.194957,-58.852367,"Mud and seapens",NA,0,0
"13","Sample-75",2022-08-16,"SAB_TRANS_07",493934,"46.280412","59.007967",2022,8,16,46.280412,-59.007967,"Mud",NA,0,0
"14","2023SAB-01",2023-08-14,"SAB_05",413357,"45.84685","59.523712",2023,8,14,45.84685,-59.523712,"Gravelly sand/mud <50% cobbles/gravel",NA,0,0
"15","2023SAB-02",2023-08-14,"SAB_08",413365,"45.826033","59.416757",2023,8,14,45.826033,-59.416757,"Sand with Sand dollars",NA,0,0
"16","2023SAB-03",2023-08-15,"SAB_11",413375,"45.983238","59.23123",2023,8,15,45.983238,-59.23123,"Till with coraline algae","Scatarie Bank",0,0
"17","2023SAB-05",2023-08-15,"SAB_13",413381,"45.948022","59.484237",2023,8,15,45.948022,-59.484237,"Sand with Sand dollars",NA,0,0
"18","2023SAB-09",2023-08-16,"SAB_14",413386,"45.996327","59.206958",2023,8,16,45.996327,-59.206958,"Till with coraline algae","Scatarie Bank",0,0
"19","2023SAB-10",2023-08-16,"SAB_15",413388,"46.009818","59.19741",2023,8,16,46.009818,-59.19741,"Till with coraline algae",NA,0,0
"20","2023SAB-100",2023-08-18,"SAB_30",413446,"46.037533","59.341307",2023,8,18,46.037533,-59.341307,"Mud",NA,0,0
"21","2023SAB-101",2023-08-18,"SAB_31",413449,"46.043068","59.353867",2023,8,18,46.043068,-59.353867,"Mud",NA,0,0
"22","2023SAB-102",2023-08-21,"SAB_60",413450,"46.095728","59.635103",2023,8,21,46.095728,-59.635103,NA,NA,0,0
"23","2023SAB-107",2023-08-21,"SAB_61",413453,"46.126883","59.63169",2023,8,21,46.126883,-59.63169,NA,NA,0,0
"24","2023SAB-109",2023-08-21,"SAB_62",413456,"46.14038","59.582767",2023,8,21,46.14038,-59.582767,NA,NA,0,0
"25","2023SAB-112",2023-08-21,"SAB_63",413459,"45.992022","59.609228",2023,8,21,45.992022,-59.609228,"Till >50% cobbles/gravel",NA,0,0
"26","2023SAB-114",2023-08-23,"SAB_22REAL",413462,"45.988175","59.047015",2023,8,23,45.988175,-59.047015,"Mud",NA,0,0
"27","2023SAB-117",2023-08-23,"SAB_21REAL",413465,"45.997458","58.870315",2023,8,23,45.997458,-58.870315,"Gravel with crinoids",NA,0,0
"28","2023SAB-120",2023-08-23,"SAB_25REAL",413468,"45.991303","58.930838",2023,8,23,45.991303,-58.930838,"Mud",NA,0,0
"29","2023SAB-13",2023-08-16,"SAB_16",413391,"45.995887","59.201843",2023,8,16,45.995887,-59.201843,"Till with coraline algae","Scatarie Bank",0,0
"30","2023SAB-15",2023-08-16,"SAB_17",413395,"46.004382","59.185998",2023,8,16,46.004382,-59.185998,"Till with coraline algae",NA,0,0
"31","2023SAB-16",2023-08-16,"SAB_18",413397,"45.909682","58.989188",2023,8,16,45.909682,-58.989188,"Gravelly sand/mud <50% cobbles/gravel",NA,0,0
"32","2023SAB-21",2023-08-16,"SAB_19",413407,"45.904998","59.024608",2023,8,16,45.904998,-59.024608,"Mud",NA,0,0
"33","2023SAB-22",2023-08-18,"SAB_28",413438,"45.881037","59.540707",2023,8,18,45.881037,-59.540707,"Till with coraline algae",NA,0,0
"33.1","2023SAB-22",2023-08-18,"SAB_28",413438,"45.881037","59.540707",2023,8,18,45.881037,-59.540707,"Mud",NA,0,0
"34","2023SAB-24",2023-08-14,"SAB_01",413344,"45.840875","59.64083",2023,8,14,45.840875,-59.64083,"Till >50% cobbles/gravel",NA,0,0
"35","2023SAB-27",2023-08-14,"SAB_02",413347,"45.827298","59.623833",2023,8,14,45.827298,-59.623833,"Sand with Sand dollars",NA,0,0
"36","2023SAB-30",2023-08-14,"SAB_03",413350,"45.832377","59.584417",2023,8,14,45.832377,-59.584417,"Gravelly sand/mud <50% cobbles/gravel",NA,0,0
"37","2023SAB-33",2023-08-14,"SAB_04",413353,"45.835083","59.541815",2023,8,14,45.835083,-59.541815,"Sand with Sand dollars",NA,0,0
"38","2023SAB-38",2023-08-14,"SAB_06",413359,"45.846147","59.504863",2023,8,14,45.846147,-59.504863,"Gravelly sand/mud <50% cobbles/gravel",NA,0,0
"39","2023SAB-41",2023-08-14,"SAB_07",413362,"45.834598","59.490668",2023,8,14,45.834598,-59.490668,"Sand with Sand dollars",NA,0,0
"40","2023SAB-43",2023-08-15,"SAB_09",413370,"45.942837","59.31585",2023,8,15,45.942837,-59.31585,"Gravel with crinoids",NA,0,0
"41","2023SAB-44",2023-08-15,"SAB_10",413372,"45.964307","59.252917",2023,8,15,45.964307,-59.252917,"Till with coraline algae",NA,0,0
"42","2023SAB-54",2023-08-15,"SAB_12",413378,"45.990535","59.209287",2023,8,15,45.990535,-59.209287,"Till with coraline algae","Scatarie Bank",0,0
"43","2023SAB-67",2023-08-16,"SAB_20",41309,"45.907143","59.047792",2023,8,16,45.907143,-59.047792,"Till >50% cobbles/gravel",NA,0,0
"44","2023SAB-71",2023-08-17,"SAB_21",413413,"45.889482","59.609993",2023,8,17,45.889482,-59.609993,"Till with coraline algae",NA,0,0
"45","2023SAB-74",2023-08-17,"SAB_22",413416,"45.89367","59.599857",2023,8,17,45.89367,-59.599857,"Till with coraline algae","Curdo Bank",0,0
"46","2023SAB-77",2023-08-17,"SAB_23",413419,"45.949175","59.485957",2023,8,17,45.949175,-59.485957,"Sand with Sand dollars",NA,0,0
"47","2023SAB-79",2023-08-17,"SAB_24",413422,"46.04188","59.477503",2023,8,17,46.04188,-59.477503,"Till with coraline algae",NA,0,0
"48","2023SAB-86",2023-08-18,"SAB_25",413429,"45.895928","59.560002",2023,8,18,45.895928,-59.560002,"Till >50% cobbles/gravel",NA,0,0
"49","2023SAB-88",2023-08-18,"SAB_26",413432,"45.897983","59.505322",2023,8,18,45.897983,-59.505322,"Till with coraline algae",NA,0,0
"50","2023SAB-91",2023-08-18,"SAB_27",413436,"45.899118","59.532105",2023,8,18,45.899118,-59.532105,"Sand with Sand dollars",NA,0,0
"51","2023SAB-95",2023-08-18,"SAB_29",413441,"45.904702","59.521798",2023,8,18,45.904702,-59.521798,"Till with coraline algae",NA,0,0
"52","2023SCATARIE-001",2023-08-23,"SCATARIE2",413471,"45.989028","59.208453",2023,8,23,45.989028,-59.208453,"Till with coraline algae","Scatarie Bank",0,0
"53","SAB24_EDNA_001",2024-08-08,"SAB_16",885001,"46.04525","59.092493",2024,8,8,46.04525,-59.092493,"Till >50% cobbles/gravel",NA,0,0
"54","SAB24_EDNA_004",2024-08-08,"SAB_21",885004,"45.989288","58.889794",2024,8,8,45.989288,-58.889794,"Till >50% cobbles/gravel",NA,0,0
"55","SAB24_EDNA_007",2024-08-08,"SAB_20",885007,"46.036714","58.974353",2024,8,8,46.036714,-58.974353,"Mud",NA,0,0
"56","SAB24_EDNA_011",2024-08-09,"SAB_02",885011,"45.949129","59.757991",2024,8,9,45.949129,-59.757991,NA,NA,0,0
"57","SAB24_EDNA_014",2024-08-09,"SAB_03",885014,"46.061806","59.567018",2024,8,9,46.061806,-59.567018,"Till with coraline algae",NA,0,0
"58","SAB24_EDNA_017",2024-08-09,"SAB_07",885017,"46.056315","59.412117",2024,8,9,46.056315,-59.412117,"Till >50% cobbles/gravel",NA,0,0
"59","SAB24_EDNA_020",2024-08-09,"SAB_08",885020,"46.144731","59.403695",2024,8,9,46.144731,-59.403695,NA,NA,0,0
"60","SAB24_EDNA_023",2024-08-09,"SAB_04",885023,"46.142204","59.567166",2024,8,9,46.142204,-59.567166,NA,NA,0,0
"61","SAB24_EDNA_027",2024-08-12,"SAB_13",885027,"46.271896","59.238174",2024,8,12,46.271896,-59.238174,"Mud",NA,0,0
"62","SAB24_EDNA_031",2024-08-14,"CURDO_8",885031,"45.87983","59.6105",2024,8,14,45.87983,-59.6105,"Till with coraline algae",NA,0,0
"63","SAB24_EDNA_034",2024-08-14,"CURDO_5",885034,"45.884849","59.605424",2024,8,14,45.884849,-59.605424,"Till with coraline algae",NA,0,0
"64","SAB24_EDNA_037",2024-08-14,"CURDO_2",885037,"45.888316","59.602821",2024,8,14,45.888316,-59.602821,"Till with coraline algae",NA,0,0
"65","SAB24_EDNA_040",2024-08-14,"CURDO_7",885040,"45.905281","59.608165",2024,8,14,45.905281,-59.608165,"Till >50% cobbles/gravel",NA,0,0
"66","SAB24_EDNA_043",2024-08-14,"CURDO_4",885043,"45.900935","59.60646",2024,8,14,45.900935,-59.60646,"Till >50% cobbles/gravel",NA,0,0
"67","SAB24_EDNA_049",2024-08-14,"CURDO_10",885049,"45.89139","59.601783",2024,8,14,45.89139,-59.601783,"Till with coraline algae","Curdo Bank",0,0
"68","SAB24_EDNA_052",2024-08-14,"CURDO_3",885052,"45.892496","59.594283",2024,8,14,45.892496,-59.594283,"Till with coraline algae","Curdo Bank",0,0
"69","SAB24_EDNA_055",2024-08-14,"CURDO_6",885055,"45.892053","59.583449",2024,8,14,45.892053,-59.583449,"Till with coraline algae",NA,0,0
"70","SAB24_EDNA_058",2024-08-14,"CURDO_9",885058,"45.892634","59.579056",2024,8,14,45.892634,-59.579056,"Till with coraline algae",NA,0,0
"71","SAB24_EDNA_061",2024-08-14,"SAB_1",885061,"45.843828","59.582363",2024,8,14,45.843828,-59.582363,"Till with coraline algae",NA,0,0
"72","SAB24_EDNA_066",2024-08-15,"SAB_6",885066,"45.94501","59.42343",2024,8,15,45.94501,-59.42343,"Mud",NA,0,0
"73","SAB24_EDNA_069",2024-08-15,"SAB_10",885069,"45.940385","59.258815",2024,8,15,45.940385,-59.258815,"Till with coraline algae",NA,0,0
"74","SAB24_EDNA_073",2024-08-16,"SAB_5",885073,"45.853575","59.433784",2024,8,16,45.853575,-59.433784,"Gravelly sand/mud <50% cobbles/gravel",NA,0,0
"75","SAB24_EDNA_076",2024-08-16,"SAB_9",885076,"45.862785","59.275125",2024,8,16,45.862785,-59.275125,"Till with coraline algae",NA,0,0
"76","SAB24_EDNA_079",2024-08-16,"SAB_14",885079,"45.870942","59.140814",2024,8,16,45.870942,-59.140814,"Gravelly sand/mud <50% cobbles/gravel",NA,0,0
"77","SAB24_EDNA_082",2024-08-16,"SAB_19",885082,"45.93695","58.984953",2024,8,16,45.93695,-58.984953,"Gravelly sand/mud <50% cobbles/gravel",NA,0,0
"78","SAB24_EDNA_085",2024-08-16,"SAB_15",885085,"45.936672","59.100682",2024,8,16,45.936672,-59.100682,"Till >50% cobbles/gravel",NA,0,0
"79","SAB24_EDNA_089",2024-08-17,"CAM_34",885089,"45.871411","59.56617",2024,8,17,45.871411,-59.56617,"Till with coraline algae",NA,0,0
"80","SAB24_EDNA_092",2024-08-17,"CAM_37",885092,"45.827023","59.64316",2024,8,17,45.827023,-59.64316,"Sand with Sand dollars",NA,0,0
"81","SAB24_EDNA_096",2024-08-15,"CAM_13C",NA,"45.8915","59.6198",2024,8,15,45.8915,-59.6198,"Till >50% cobbles/gravel",NA,0,0
"82","SAB24_EDNA_102",2024-08-15,"CAM_14",NA,"45.8991","59.5756",2024,8,15,45.8991,-59.5756,"Till with coraline algae",NA,0,0
"83","SAB24_EDNA_108",2024-08-15,"CAM_17",NA,"45.9401","59.3144",2024,8,15,45.9401,-59.3144,"Gravel with crinoids",NA,0,0
"84","SAB24_AZMP_01",2024-10-20,"STAB_06",NA,"46.64487","58.54527",2024,10,20,46.64487,-58.54527,NA,NA,0,0
"85","SAB24_AZMP_03",2024-10-21,"STAB_05",NA,"46.41679","58.88339",2024,10,21,46.41679,-58.88339,NA,NA,0,0
"86","SAB24_AZMP_05",2024-10-21,"STAB_04",NA,"46.30005","59.064476",2024,10,21,46.30005,-59.064476,"Mud",NA,0,0
"87","SAB24_AZMP_07",2024-10-21,"STAB_03",NA,"46.216604","59.194821",2024,10,21,46.216604,-59.194821,"Till >50% cobbles/gravel",NA,0,0
"88","SAB24_AZMP_09",2024-10-21,"STAB_02",NA,"46.10833","59.36425",2024,10,21,46.10833,-59.36425,NA,NA,0,0
"89","SAB24_AZMP_11",2024-10-21,"STAB_01",NA,"45.99982","59.53293",2024,10,21,45.99982,-59.53293,"Till with coraline algae",NA,0,0
"90","PER25-4",2025-06-14,"SAB_07",625001,"46.056649","59.415992",2025,6,14,46.056649,-59.415992,"Till >50% cobbles/gravel",NA,0,0
"91","PER25-7",2025-06-14,"SAB_08",625004,"46.141882","59.404368",2025,6,14,46.141882,-59.404368,NA,NA,0,0
"92","PER25-10",2025-06-14,"SAB_04",625007,"46.142161","59.568747",2025,6,14,46.142161,-59.568747,NA,NA,0,0
"93","PER25-13",2025-06-14,"SAB_03",625010,"46.067035","59.57806",2025,6,14,46.067035,-59.57806,"Till with coraline algae",NA,0,0
"94","PER25-16",2025-06-14,"SAB_02",625013,"45.952831","59.580324",2025,6,14,45.952831,-59.580324,"Till >50% cobbles/gravel",NA,0,0
"95","PER25-19",2025-06-14,"SAB_06",625016,"45.945277","59.421692",2025,6,14,45.945277,-59.421692,"Mud",NA,0,0
"96","PER25-22",2025-06-14,"SAB_05",625019,"45.892665","59.43284",2025,6,14,45.892665,-59.43284,"Till with coraline algae",NA,0,0
"97","PER25-25",2025-06-14,"SAB_01",625022,"45.84533","59.582323",2025,6,14,45.84533,-59.582323,"Till with coraline algae",NA,0,0
"98","PER25-27",2025-06-14,"CURDO_10",625025,"45.893869","59.598442",2025,6,14,45.893869,-59.598442,"Till with coraline algae","Curdo Bank",0,0
"99","PER25-30",2025-06-14,"CURDO_11",625028,"45.890333","59.60842",2025,6,14,45.890333,-59.60842,"Till with coraline algae",NA,0,0
"100","PER25-33",2025-06-14,"CURDO_01",625031,"45.897077","59.600934",2025,6,14,45.897077,-59.600934,"Till with coraline algae","Curdo Bank",0,0
"101","PER25-36",2025-06-14,"CURDO_04",625034,"45.900959","59.60416",2025,6,14,45.900959,-59.60416,"Till >50% cobbles/gravel",NA,0,0
"102","PER25-40",2025-06-14,"CURDO_07",625038,"45.904416","59.607051",2025,6,14,45.904416,-59.607051,"Till >50% cobbles/gravel",NA,0,0
"103","PER25-43",2025-06-15,"SAB_09",625041,"45.862622","59.278115",2025,6,15,45.862622,-59.278115,"Till with coraline algae",NA,0,0
"104","PER25-46",2025-06-15,"SAB_14",625044,"45.871165","59.141251",2025,6,15,45.871165,-59.141251,"Gravelly sand/mud <50% cobbles/gravel",NA,0,0
"105","PER25-49",2025-06-15,"SAB_15",625047,"45.929964","59.103435",2025,6,15,45.929964,-59.103435,"Till >50% cobbles/gravel",NA,0,0
"106","PER25-52",2025-06-15,"SAB_19",625050,"45.93523","58.982609",2025,6,15,45.93523,-58.982609,"Till >50% cobbles/gravel",NA,0,0
"107","PER25-55",2025-06-15,"SAB_20",625053,"46.037222","58.980114",2025,6,15,46.037222,-58.980114,"Mud",NA,0,0
"108","PER25-58",2025-06-15,"SAB_16",625056,"46.047082","59.087652",2025,6,15,46.047082,-59.087652,"Till >50% cobbles/gravel",NA,0,0
"109","PER25-61",2025-06-15,"Scatarie_4",625059,"45.996521","59.245021",2025,6,15,45.996521,-59.245021,"Till with coraline algae",NA,0,0
"110","PER25-64",2025-06-15,"Scatarie_10",625062,"45.971976","59.226801",2025,6,15,45.971976,-59.226801,"Till with coraline algae",NA,0,0
"111","PER25-67",2025-06-15,"Scatarie_6",625065,"45.970831","59.188323",2025,6,15,45.970831,-59.188323,"Till with coraline algae",NA,0,0
"112","PER25-70",2025-06-15,"Scatarie_5",625068,"45.949791","59.246256",2025,6,15,45.949791,-59.246256,"Till with coraline algae",NA,0,0
"113","PER25-73",2025-06-15,"SAB_10",625071,"45.940778","59.259297",2025,6,15,45.940778,-59.259297,"Till with coraline algae",NA,0,0
"114","PER25-77",2025-06-16,"SAB_11",625075,"46.051367","59.254004",2025,6,16,46.051367,-59.254004,"Till >50% cobbles/gravel",NA,0,0
"115","PER25-80",2025-06-16,"SAB_12",625078,"46.166096","59.245062",2025,6,16,46.166096,-59.245062,NA,NA,0,0
"116","PER25-83",2025-06-16,"SAB_17",625081,"46.159152","59.087822",2025,6,16,46.159152,-59.087822,"Till >50% cobbles/gravel",NA,0,0
"117","PER25-86",2025-06-16,"SAB_18",625084,"46.257869","59.110261",2025,6,16,46.257869,-59.110261,"Till >50% cobbles/gravel",NA,0,0
"118","PER25-89",2025-06-16,"SAB_13",625087,"46.268487","59.225255",2025,6,16,46.268487,-59.225255,"Till >50% cobbles/gravel",NA,0,0
"119","PER25-93",2025-06-17,"SAB_08",625091,"45.87988","59.608594",2025,6,17,45.87988,-59.608594,"Till with coraline algae",NA,0,0
"120","PER25-96",2025-06-17,"CURDO_05",625094,"45.884762","59.605305",2025,6,17,45.884762,-59.605305,"Till with coraline algae",NA,0,0
"121","PER25-98",2025-06-17,"CURDO_02",625097,"45.888467","59.601614",2025,6,17,45.888467,-59.601614,"Till with coraline algae",NA,0,0
"122","PER25-101",2025-06-17,"CURDO_10",625100,"45.89206","59.599093",2025,6,17,45.89206,-59.599093,"Till with coraline algae","Curdo Bank",0,0
"123","PER25-104",2025-06-17,"CURDO_03",625103,"45.894098","59.592095",2025,6,17,45.894098,-59.592095,"Till with coraline algae","Curdo Bank",0,0
"124","PER25-107",2025-06-17,"CURDO_06",625106,"45.893368","59.585101",2025,6,17,45.893368,-59.585101,"Till with coraline algae",NA,0,0
"125","PER25-110",2025-06-17,"CURDO_09",625109,"45.894041","59.579145",2025,6,17,45.894041,-59.579145,"Till with coraline algae",NA,0,0
"126","PER25-114",2025-06-18,"SCATARIE_NEW_",625113,"45.990859","59.146284",2025,6,18,45.990859,-59.146284,"Till with coraline algae",NA,0,0
"127","PER25-118",2025-06-19,"DEEP_01",625117,"46.309938","59.013688",2025,6,19,46.309938,-59.013688,"Mud and seapens",NA,0,0
"128","PER25-121",2025-06-19,"DEEP_02",625120,"46.323139","58.963239",2025,6,19,46.323139,-58.963239,NA,NA,0,0
"129","SAB26-009",2026-06-15,"Curdo_03",626080,"45.89256","59.593576",2026,6,15,45.89256,-59.593576,"Till with coraline algae","Curdo Bank",0,0
"130","SAB26-012",2026-06-15,"Curdo_01",626083,"45.896826","59.601211",2026,6,15,45.896826,-59.601211,"Till with coraline algae","Curdo Bank",0,0
"131","SAB26-015",2026-06-15,"Curdo_02",626086,"45.883213","59.601707",2026,6,15,45.883213,-59.601707,"Till with coraline algae",NA,0,0
"132","SAB26-018",2026-06-15,"Curdo_10",626089,"45.893057","59.598317",2026,6,15,45.893057,-59.598317,"Till with coraline algae","Curdo Bank",0,0
"133","SAB26-021",2026-06-15,"Curdo_09",626092,"45.892523","59.579495",2026,6,15,45.892523,-59.579495,"Till with coraline algae",NA,0,0
"134","SAB26-027",2026-06-15,"SAB_06",626098,"45.944308","59.419985",2026,6,15,45.944308,-59.419985,"Mud",NA,0,0
"135","SAB26-033",2026-06-15,"SAB_02",626104,"45.957292","59.555495",2026,6,15,45.957292,-59.555495,"Till with coraline algae",NA,0,0
"136","SAB26-036",2026-06-15,"SAB_03",626107,"45.062166","59.569835",2026,6,15,45.062166,-59.569835,NA,NA,0,0
"137","SAB26-040",2026-06-18,"Scatarie_07",626111,"46.011888","59.256778",2026,6,18,46.011888,-59.256778,"Till with coraline algae",NA,0,0
"138","SAB26-046",2026-06-18,"Scatarie_10",626117,"45.973123","59.229617",2026,6,18,45.973123,-59.229617,"Till with coraline algae",NA,0,0
"139","SAB26-052",2026-06-18,"Scatarie_02",626123,"45.973371","59.229474",2026,6,18,45.973371,-59.229474,"Till with coraline algae",NA,0,0
"140","SAB26-055",2026-06-18,"Scatarie_01",626126,"45.981493","59.234053",2026,6,18,45.981493,-59.234053,"Till with coraline algae","Scatarie Bank",0,0
"141","SAB26-058",2026-06-18,"Scatarie_03",626129,"45.971696","59.214059",2026,6,18,45.971696,-59.214059,"Till with coraline algae",NA,0,0
"142","SAB26-061",2026-06-18,"Scatarie_06",626132,"45.970675","59.189353",2026,6,18,45.970675,-59.189353,"Till with coraline algae",NA,0,0
"143","SAB26-064",2026-06-18,"Scatarie_09",626135,"45.970326","59.163236",2026,6,18,45.970326,-59.163236,"Till >50% cobbles/gravel",NA,0,0
"144","SAB26-067",2026-06-18,"SAB_11",626138,"45.970705","59.162972",2026,6,18,45.970705,-59.162972,"Till >50% cobbles/gravel",NA,0,0
"145","SAB26-070",2026-06-18,"SAB_7",626141,"46.059143","59.41149",2026,6,18,46.059143,-59.41149,"Till >50% cobbles/gravel",NA,0,0
"146","SAB26-074",2026-06-20,"SAB_13",626145,"46.266634","59.228535",2026,6,20,46.266634,-59.228535,"Till >50% cobbles/gravel",NA,0,0
"147","SAB26-077",2026-06-20,"SAB_12",626148,"46.165432","59.245243",2026,6,20,46.165432,-59.245243,NA,NA,0,0
"148","SAB26-080",2026-06-20,"SAB_08",626151,"45.14229","59.402828",2026,6,20,45.14229,-59.402828,NA,NA,0,0
"149","SAB26-083",2026-06-20,"SAB_04",626154,"45.145438","59.565114",2026,6,20,45.145438,-59.565114,NA,NA,0,0
"150","SAB26-087",2026-06-21,"SAB_18",626158,"46.258843","59.109725",2026,6,21,46.258843,-59.109725,"Till >50% cobbles/gravel",NA,0,0
"151","SAB26-090",2026-06-21,"SAB_17",626161,"46.158442","59.089055",2026,6,21,46.158442,-59.089055,"Till >50% cobbles/gravel",NA,0,0
"152","SAB26-093",2026-06-21,"SAB_16",626164,"46.049462","59.092527",2026,6,21,46.049462,-59.092527,"Till >50% cobbles/gravel",NA,0,0
"153","SAB26-096",2026-06-21,"SAB_15",626167,"45.93584","59.101388",2026,6,21,45.93584,-59.101388,"Till >50% cobbles/gravel",NA,0,0
"154","SAB26-099",2026-06-21,"SAB_14",626170,"45.87199","59.142458",2026,6,21,45.87199,-59.142458,"Gravelly sand/mud <50% cobbles/gravel",NA,0,0
"155","SAB26-102",2026-06-21,"SAB_09",626173,"45.863992","59.275774",2026,6,21,45.863992,-59.275774,"Till >50% cobbles/gravel",NA,0,0
"156","SAB26-105",2026-06-21,"SAB_05",626176,"45.853402","59.433318",2026,6,21,45.853402,-59.433318,"Gravelly sand/mud <50% cobbles/gravel",NA,0,0
"157","SAB26-108",2026-06-21,"SAB_01",626179,"45.845021","59.580741",2026,6,21,45.845021,-59.580741,"Till with coraline algae",NA,0,0
