materialSampleID,eventDate,samplingStation,waterSample,Latitude,Longitude
Sample-2,8/14/2022,SAB_TRANS_01,493859,45.989473,59.210587
Sample-3,8/14/2022,SAB_TRANS_01,493860,45.989473,59.210587
Sample-4,8/14/2022,SAB_TRANS_01,493861,45.989473,59.210587
Sample-5,8/14/2022,SAB_TRANS_01,493862,45.989473,59.210587
Sample-6,8/14/2022,SAB_TRANS_01,493863,45.989473,59.210587
Sample-7,8/14/2022,SAB_TRANS_01,493864,45.989473,59.210587
Sample-8,8/14/2022,SAB_TRANS_01,493865,45.989473,59.210587
Sample-9,8/14/2022,SAB_TRANS_02,493866,45.997298,59.206822
Sample-10,8/14/2022,SAB_TRANS_02,493867,45.997298,59.206822
Sample-11,8/14/2022,SAB_TRANS_02,493868,45.997298,59.206822
Sample-12,8/14/2022,SAB_TRANS_02,493869,45.997298,59.206822
Sample-13,8/14/2022,SAB_TRANS_02,493870,45.997298,59.206822
Sample-14,8/14/2022,SAB_TRANS_02,493871,45.997298,59.206822
Sample-15,8/14/2022,SAB_TRANS_03,493872,46.009493,59.198733
Sample-16,8/14/2022,SAB_TRANS_03,493873,46.009493,59.198733
Sample-17,8/14/2022,SAB_TRANS_03,493874,46.009493,59.198733
Sample-18,8/14/2022,SAB_TRANS_03,493875,46.009493,59.198733
Sample-19,8/14/2022,SAB_TRANS_03,493876,46.009493,59.198733
Sample-20,8/14/2022,SAB_TRANS_03,493877,46.009493,59.198733
Sample-21,8/14/2022,SAB_TRANS_04,493878,46.059583,59.164493
Sample-22,8/14/2022,SAB_TRANS_04,493879,46.059583,59.164493
Sample-23,8/14/2022,SAB_TRANS_04,493880,46.059583,59.164493
Sample-24,8/14/2022,SAB_TRANS_04,493881,46.059583,59.164493
Sample-25,8/14/2022,SAB_TRANS_04,493882,46.059583,59.164493
Sample-26,8/14/2022,SAB_TRANS_04,493883,46.059583,59.164493
Sample-27,8/14/2022,SAB_TRANS_05,493884,46.136212,59.114668
Sample-28,8/14/2022,SAB_TRANS_05,493885,46.136212,59.114668
Sample-29,8/14/2022,SAB_TRANS_05,493886,46.136212,59.114668
Sample-30,8/14/2022,SAB_TRANS_05,493887,46.136212,59.114668
Sample-31,8/14/2022,SAB_TRANS_05,493888,46.136212,59.114668
Sample-32,8/14/2022,SAB_TRANS_05,493889,46.136212,59.114668
Sample-33,8/14/2022,SAB_TRANS_06,493890,46.206397,59.064167
Sample-34,8/14/2022,SAB_TRANS_06,493891,46.206397,59.064167
Sample-35,8/14/2022,SAB_TRANS_06,493892,46.206397,59.064167
Sample-36,8/14/2022,SAB_TRANS_06,493893,46.206397,59.064167
Sample-37,8/14/2022,SAB_TRANS_06,493894,46.206397,59.064167
Sample-38,8/14/2022,SAB_TRANS_06,493895,46.206397,59.064167
Sample-39,8/16/2022,SAB_TRANS_09,493896,45.994038,59.2033
Sample-40,8/16/2022,SAB_TRANS_09,493897,45.994038,59.2033
Sample-41,8/16/2022,SAB_TRANS_09,493898,45.994038,59.2033
Sample-42,8/16/2022,SAB_TRANS_09,493899,45.994038,59.2033
Sample-43,8/16/2022,SAB_TRANS_09,493900,45.994038,59.2033
Sample-44,8/16/2022,SAB_TRANS_09,493901,45.994038,59.2033
Sample-45,8/16/2022,SAB_TRANS_09,493902,45.994038,59.2033
Sample-46,8/16/2022,SAB_TRANS_10,493903,46.004213,59.187348
Sample-47,8/16/2022,SAB_TRANS_10,493904,46.004213,59.187348
Sample-48,8/16/2022,SAB_TRANS_10,493905,46.004213,59.187348
Sample-49,8/16/2022,SAB_TRANS_10,493906,46.004213,59.187348
Sample-50,8/16/2022,SAB_TRANS_10,493907,46.004213,59.187348
Sample-51,8/16/2022,SAB_TRANS_10,493908,46.004213,59.187348
Sample-52,8/16/2022,SAB_TRANS_11,493909,46.039947,59.12182
Sample-53,8/16/2022,SAB_TRANS_11,493910,46.039947,59.12182
Sample-54,8/16/2022,SAB_TRANS_11,493911,46.039947,59.12182
Sample-55,8/16/2022,SAB_TRANS_11,493912,46.039947,59.12182
Sample-56,8/16/2022,SAB_TRANS_11,493913,46.039947,59.12182
Sample-57,8/16/2022,SAB_TRANS_11,493914,46.039947,59.12182
Sample-58,8/16/2022,SAB_TRANS_12,493915,46.089122,59.031503
Sample-59,8/16/2022,SAB_TRANS_12,493916,46.089122,59.031503
Sample-60,8/16/2022,SAB_TRANS_12,493917,46.089122,59.031503
Sample-61,8/16/2022,SAB_TRANS_12,493918,46.089122,59.031503
Sample-62,8/16/2022,SAB_TRANS_12,493919,46.089122,59.031503
Sample-63,8/16/2022,SAB_TRANS_12,493920,46.089122,59.031503
Sample-64,8/16/2022,SAB_TRANS_13,493921,46.144643,58.939653
Sample-65,8/16/2022,SAB_TRANS_13,493922,46.144643,58.939653
Sample-66,8/16/2022,SAB_TRANS_13,493923,46.144643,58.939653
Sample-67,8/16/2022,SAB_TRANS_13,493924,46.144643,58.939653
Sample-68,8/16/2022,SAB_TRANS_13,493925,46.144643,58.939653
Sample-69,8/16/2022,SAB_TRANS_13,493926,46.144643,58.939653
Sample-70,8/16/2022,SAB_TRANS_14,493927,46.194957,58.852367
Sample-71,8/16/2022,SAB_TRANS_14,493928,46.194957,58.852367
Sample-72,8/16/2022,SAB_TRANS_14,493929,46.194957,58.852367
Sample-73,8/16/2022,SAB_TRANS_14,493931,46.194957,58.852367
Sample-74,8/16/2022,SAB_TRANS_14,493932,46.194957,58.852367
Sample-75,8/16/2022,SAB_TRANS_07,493934,46.280412,59.007967
Sample-76,8/16/2022,SAB_TRANS_07,493935,46.280412,59.007967
Sample-77,8/16/2022,SAB_TRANS_07,493936,46.280412,59.007967
Sample-78,8/16/2022,SAB_TRANS_07,493937,46.280412,59.007967
Sample-79,8/16/2022,SAB_TRANS_07,493938,46.280412,59.007967
2023SAB-01,8/14/2023,SAB_05,413357,45.84685,59.523712
2023SAB-02,8/14/2023,SAB_08,413365,45.826033,59.416757
2023SAB-03,8/15/2023,SAB_11,413375,45.983238,59.23123
2023SAB-04,8/15/2023,SAB_11,413377,45.983238,59.23123
2023SAB-05,8/15/2023,SAB_13,413381,45.948022,59.484237
2023SAB-06,8/15/2023,SAB_13,413382,45.948022,59.484237
2023SAB-07,8/15/2023,SAB_13,413383,45.948022,59.484237
2023SAB-08,8/15/2023,BLANK,413384,NA,NA
2023SAB-09,8/16/2023,SAB_14,413386,45.996327,59.206958
2023SAB-10,8/16/2023,SAB_15,413388,46.009818,59.19741
2023SAB-100,8/18/2023,SAB_30,413446,46.037533,59.341307
2023SAB-101,8/18/2023,SAB_31,413449,46.043068,59.353867
2023SAB-102,8/21/2023,SAB_60,413450,46.095728,59.635103
2023SAB-103,8/21/2023,SAB_60,413451,46.095728,59.635103
2023SAB-104,8/18/2023,SAB_31,413447,46.043068,59.353867
2023SAB-105,8/18/2023,SAB_31,413448,46.043068,59.353867
2023SAB-106,8/21/2023,SAB_60,413452,46.095728,59.635103
2023SAB-107,8/21/2023,SAB_61,413453,46.126883,59.63169
2023SAB-108,8/21/2023,SAB_61,413455,46.126883,59.63169
2023SAB-109,8/21/2023,SAB_62,413456,46.14038,59.582767
2023SAB-11,8/16/2023,SAB_15,413389,46.009818,59.19741
2023SAB-110,8/21/2023,SAB_62,413457,46.14038,59.582767
2023SAB-111,8/21/2023,SAB_62,413458,46.14038,59.582767
2023SAB-112,8/21/2023,SAB_63,413459,45.992022,59.609228
2023SAB-113,8/21/2023,SAB_63,413460,45.992022,59.609228
2023SAB-114,8/23/2023,SAB_22REAL,413462,45.988175,59.047015
2023SAB-115,8/23/2023,SAB_22REAL,413463,45.988175,59.047015
2023SAB-116,8/23/2023,SAB_22REAL,413464,45.988175,59.047015
2023SAB-117,8/23/2023,SAB_21REAL,413465,45.997458,58.870315
2023SAB-118,8/23/2023,SAB_21REAL,413466,45.997458,58.870315
2023SAB-119,8/23/2023,SAB_21REAL,413467,45.997458,58.870315
2023SAB-12,8/16/2023,SAB_15,413390,46.009818,59.19741
2023SAB-120,8/23/2023,SAB_25REAL,413468,45.991303,58.930838
2023SAB-121,8/23/2023,SAB_25REAL,413469,45.991303,58.930838
2023SAB-122,8/23/2023,SAB_25REAL,413470,45.991303,58.930838
2023SAB-13,8/16/2023,SAB_16,413391,45.995887,59.201843
2023SAB-14,8/16/2023,SAB_16,413393,45.995887,59.201843
2023SAB-15,8/16/2023,SAB_17,413395,46.004382,59.185998
2023SAB-16,8/16/2023,SAB_18,413397,45.909682,58.989188
2023SAB-17,8/16/2023,SAB_18,413398,45.909682,58.989188
2023SAB-18,8/16/2023,SAB_18,413399,45.909682,58.989188
2023SAB-19,8/16/2023,SAB_18,413400,45.909682,58.989188
2023SAB-20,8/16/2023,SAB_18,413401,45.909682,58.989188
2023SAB-21,8/16/2023,SAB_19,413407,45.904998,59.024608
2023SAB-22,8/18/2023,SAB_28,413438,45.881037,59.540707
2023SAB-23,8/18/2023,BLANK,413343,NA,NA
2023SAB-24,8/14/2023,SAB_01,413344,45.840875,59.64083
2023SAB-25,8/14/2023,SAB_01,413345,45.840875,59.64083
2023SAB-26,8/14/2023,SAB_01,413346,45.840875,59.64083
2023SAB-27,8/14/2023,SAB_02,413347,45.827298,59.623833
2023SAB-28,8/14/2023,SAB_02,413348,45.827298,59.623833
2023SAB-29,8/14/2023,SAB_02,413349,45.827298,59.623833
2023SAB-30,8/14/2023,SAB_03,413350,45.832377,59.584417
2023SAB-31,8/14/2023,SAB_03,413351,45.832377,59.584417
2023SAB-32,8/14/2023,SAB_03,413352,45.832377,59.584417
2023SAB-33,8/14/2023,SAB_04,413353,45.835083,59.541815
2023SAB-34,8/14/2023,SAB_04,413354,45.835083,59.541815
2023SAB-35,8/14/2023,SAB_04,413355,45.835083,59.541815
2023SAB-36,8/14/2023,SAB_05,413356,45.84685,59.523712
2023SAB-37,8/14/2023,SAB_05,413358,45.84685,59.523712
2023SAB-38,8/14/2023,SAB_06,413359,45.846147,59.504863
2023SAB-39,8/14/2023,SAB_06,413360,45.846147,59.504863
2023SAB-40,8/14/2023,SAB_06,413361,45.846147,59.504863
2023SAB-41,8/14/2023,SAB_07,413362,45.834598,59.490668
2023SAB-42,8/14/2023,SAB_07,413363,45.834598,59.490668
2023SAB-43,8/15/2023,SAB_09,413370,45.942837,59.31585
2023SAB-44,8/15/2023,SAB_10,413372,45.964307,59.252917
2023SAB-45,8/14/2023,SAB_07,413364,45.834598,59.490668
2023SAB-46,8/14/2023,SAB_08,413366,45.826033,59.416757
2023SAB-47,8/14/2023,SAB_08,413367,45.826033,59.416757
2023SAB-48,8/14/2023,BLANK,413368,NA,NA
2023SAB-49,8/15/2023,SAB_09,413369,45.942837,59.31585
2023SAB-50,8/15/2023,SAB_09,413371,45.942837,59.31585
2023SAB-51,8/15/2023,SAB_10,413373,45.964307,59.252917
2023SAB-52,8/15/2023,SAB_10,413374,45.964307,59.252917
2023SAB-53,8/15/2023,SAB_11,413376,45.983238,59.23123
2023SAB-54,8/15/2023,SAB_12,413378,45.990535,59.209287
2023SAB-55,8/15/2023,SAB_12,413379,45.990535,59.209287
2023SAB-56,8/15/2023,SAB_12,413380,45.990535,59.209287
2023SAB-57,8/16/2023,SAB_14,413385,45.996327,59.206958
2023SAB-58,8/16/2023,SAB_14,413387,45.996327,59.206958
2023SAB-59,8/16/2023,SAB_16,413392,45.995887,59.201843
2023SAB-60,8/16/2023,SAB_17,413394,46.004382,59.185998
2023SAB-61,8/16/2023,SAB_17,413396,46.004382,59.185998
2023SAB-62,8/16/2023,SAB_18,413402,45.909682,58.989188
2023SAB-63,8/16/2023,SAB_19,413403,45.904998,59.024608
2023SAB-64,8/16/2023,SAB_19,413404,45.904998,59.024608
2023SAB-65,8/16/2023,SAB_19,413405,45.904998,59.024608
2023SAB-66,8/16/2023,SAB_19,413406,45.904998,59.024608
2023SAB-67,8/16/2023,SAB_20,41309,45.907143,59.047792
2023SAB-68,8/16/2023,SAB_20,41310,45.907143,59.047792
2023SAB-69,8/16/2023,SAB_20,41311,45.907143,59.047792
2023SAB-70,8/16/2023,BLANK,413412,NA,NA
2023SAB-71,8/17/2023,SAB_21,413413,45.889482,59.609993
2023SAB-72,8/17/2023,SAB_21,413414,45.889482,59.609993
2023SAB-73,8/17/2023,SAB_21,413415,45.889482,59.609993
2023SAB-74,8/17/2023,SAB_22,413416,45.89367,59.599857
2023SAB-75,8/17/2023,SAB_22,413417,45.89367,59.599857
2023SAB-76,8/17/2023,SAB_22,413418,45.89367,59.599857
2023SAB-77,8/17/2023,SAB_23,413419,45.949175,59.485957
2023SAB-78,8/17/2023,SAB_23,413421,45.949175,59.485957
2023SAB-79,8/17/2023,SAB_24,413422,46.04188,59.477503
2023SAB-80,8/17/2023,SAB_24,413423,46.04188,59.477503
2023SAB-81,8/17/2023,SAB_24,413424,46.04188,59.477503
2023SAB-82,8/16/2023,SAB_19,413408,45.904998,59.024608
2023SAB-83,8/17/2023,SAB_23,413420,45.949175,59.485957
2023SAB-84,8/17/2023,SAB_24,413426,46.04188,59.477503
2023SAB-85,8/17/2023,SAB_24,413427,46.04188,59.477503
2023SAB-86,8/18/2023,SAB_25,413429,45.895928,59.560002
2023SAB-87,8/18/2023,SAB_25,413430,45.895928,59.560002
2023SAB-88,8/18/2023,SAB_26,413432,45.897983,59.505322
2023SAB-89,8/18/2023,SAB_26,413433,45.897983,59.505322
2023SAB-90,8/18/2023,SAB_26,413434,45.897983,59.505322
2023SAB-91,8/18/2023,SAB_27,413436,45.899118,59.532105
2023SAB-92,8/18/2023,SAB_27,413437,45.899118,59.532105
2023SAB-93,8/18/2023,SAB_28,413439,45.881037,59.540707
2023SAB-94,8/18/2023,SAB_28,413440,45.881037,59.540707
2023SAB-95,8/18/2023,SAB_29,413441,45.904702,59.521798
2023SAB-96,8/18/2023,SAB_29,413442,45.904702,59.521798
2023SAB-97,8/18/2023,SAB_29,413443,45.904702,59.521798
2023SAB-98,8/18/2023,SAB_30,413444,46.037533,59.341307
2023SAB-99,8/18/2023,SAB_30,413445,46.037533,59.341307
2023SCATARIE-001,8/23/2023,SCATARIE2,413471,45.989028,59.208453
2023SCATARIE-002,8/23/2023,SCATARIE2,413472,45.989028,59.208453
2023SCATARIE-003,8/23/2023,BLANK,413474,NA,NA
SAB24_EDNA_001,8/8/2024,SAB_16,885001,46.04525,59.092493
SAB24_EDNA_002,8/8/2024,SAB_16,885002,46.04525,59.092493
SAB24_EDNA_003,8/8/2024,SAB_16,885003,46.04525,59.092493
SAB24_EDNA_004,8/8/2024,SAB_21,885004,45.989288,58.889794
SAB24_EDNA_005,8/8/2024,SAB_21,885005,45.989288,58.889794
SAB24_EDNA_006,8/8/2024,SAB_21,885006,45.989288,58.889794
SAB24_EDNA_007,8/8/2024,SAB_20,885007,46.036714,58.974353
SAB24_EDNA_008,8/8/2024,SAB_20,885008,46.036714,58.974353
SAB24_EDNA_009,8/8/2024,SAB_20,885009,46.036714,58.974353
SAB24_EDNA_010,8/8/2024,BLANK,885010,NA,NA
SAB24_EDNA_011,8/9/2024,SAB_02,885011,45.949129,59.757991
SAB24_EDNA_012,8/9/2024,SAB_02,885012,45.949129,59.757991
SAB24_EDNA_013,8/9/2024,SAB_02,885013,45.949129,59.757991
SAB24_EDNA_014,8/9/2024,SAB_03,885014,46.061806,59.567018
SAB24_EDNA_015,8/9/2024,SAB_03,885015,46.061806,59.567018
SAB24_EDNA_016,8/9/2024,SAB_03,885016,46.061806,59.567018
SAB24_EDNA_017,8/9/2024,SAB_07,885017,46.056315,59.412117
SAB24_EDNA_018,8/9/2024,SAB_07,885018,46.056315,59.412117
SAB24_EDNA_019,8/9/2024,SAB_07,885019,46.056315,59.412117
SAB24_EDNA_020,8/9/2024,SAB_08,885020,46.144731,59.403695
SAB24_EDNA_021,8/9/2024,SAB_08,885021,46.144731,59.403695
SAB24_EDNA_022,8/9/2024,SAB_08,885022,46.144731,59.403695
SAB24_EDNA_023,8/9/2024,SAB_04,885023,46.142204,59.567166
SAB24_EDNA_024,8/9/2024,SAB_04,885024,46.142204,59.567166
SAB24_EDNA_025,8/9/2024,SAB_04,885025,46.142204,59.567166
SAB24_EDNA_026,8/9/2024,BLANK,885026,NA,NA
SAB24_EDNA_027,8/12/2024,SAB_13,885027,46.271896,59.238174
SAB24_EDNA_028,8/12/2024,SAB_13,885028,46.271896,59.238174
SAB24_EDNA_029,8/12/2024,SAB_13,885029,46.271896,59.238174
SAB24_EDNA_030,8/12/2024,SAB_13,885030,NA,NA
SAB24_EDNA_031,8/14/2024,CURDO_8,885031,45.87983,59.6105
SAB24_EDNA_032,8/14/2024,CURDO_8,885032,45.87983,59.6105
SAB24_EDNA_033,8/14/2024,CURDO_8,885033,45.87983,59.6105
SAB24_EDNA_034,8/14/2024,CURDO_5,885034,45.884849,59.605424
SAB24_EDNA_035,8/14/2024,CURDO_5,885035,45.884849,59.605424
SAB24_EDNA_036,8/14/2024,CURDO_5,885036,45.884849,59.605424
SAB24_EDNA_037,8/14/2024,CURDO_2,885037,45.888316,59.602821
SAB24_EDNA_038,8/14/2024,CURDO_2,885038,45.888316,59.602821
SAB24_EDNA_039,8/14/2024,CURDO_2,885039,45.888316,59.602821
SAB24_EDNA_040,8/14/2024,CURDO_7,885040,45.905281,59.608165
SAB24_EDNA_041,8/14/2024,CURDO_7,885041,45.905281,59.608165
SAB24_EDNA_042,8/14/2024,CURDO_7,885042,45.905281,59.608165
SAB24_EDNA_043,8/14/2024,CURDO_4,885043,45.900935,59.60646
SAB24_EDNA_044,8/14/2024,CURDO_4,885044,45.900935,59.60646
SAB24_EDNA_045,8/14/2024,CURDO_4,885045,45.900935,59.60646
SAB24_EDNA_046,8/14/2024,CURDO_1,885046,45.900935,59.60646
SAB24_EDNA_047,8/14/2024,CURDO_1,885047,45.900935,59.60646
SAB24_EDNA_048,8/14/2024,CURDO_1,885048,45.900935,59.60646
SAB24_EDNA_049,8/14/2024,CURDO_10,885049,45.89139,59.601783
SAB24_EDNA_050,8/14/2024,CURDO_10,885050,45.89139,59.601783
SAB24_EDNA_051,8/14/2024,CURDO_10,885051,45.89139,59.601783
SAB24_EDNA_052,8/14/2024,CURDO_3,885052,45.892496,59.594283
SAB24_EDNA_053,8/14/2024,CURDO_3,885053,45.892496,59.594283
SAB24_EDNA_054,8/14/2024,CURDO_3,885054,45.892496,59.594283
SAB24_EDNA_055,8/14/2024,CURDO_6,885055,45.892053,59.583449
SAB24_EDNA_056,8/14/2024,CURDO_6,885056,45.892053,59.583449
SAB24_EDNA_057,8/14/2024,CURDO_6,885057,45.892053,59.583449
SAB24_EDNA_058,8/14/2024,CURDO_9,885058,45.892634,59.579056
SAB24_EDNA_059,8/14/2024,CURDO_9,885059,45.892634,59.579056
SAB24_EDNA_060,8/14/2024,CURDO_9,885060,45.892634,59.579056
SAB24_EDNA_061,8/14/2024,SAB_1,885061,45.843828,59.582363
SAB24_EDNA_062,8/14/2024,SAB_1,885062,45.843828,59.582363
SAB24_EDNA_063,8/14/2024,SAB_1,885063,45.843828,59.582363
SAB24_EDNA_064,8/14/2024,BLANK,885064,NA,NA
SAB24_EDNA_065,8/14/2024,BLANK,885065,NA,NA
SAB24_EDNA_066,8/15/2024,SAB_6,885066,45.94501,59.42343
SAB24_EDNA_067,8/15/2024,SAB_6,885067,45.94501,59.42343
SAB24_EDNA_068,8/15/2024,SAB_6,885068,45.94501,59.42343
SAB24_EDNA_069,8/15/2024,SAB_10,885069,45.940385,59.258815
SAB24_EDNA_070,8/15/2024,SAB_10,885070,45.940385,59.258815
SAB24_EDNA_071,8/15/2024,SAB_10,885071,45.940385,59.258815
SAB24_EDNA_072,8/15/2024,BLANK,885072,NA,NA
SAB24_EDNA_073,8/16/2024,SAB_5,885073,45.853575,59.433784
SAB24_EDNA_074,8/16/2024,SAB_5,885074,45.853575,59.433784
SAB24_EDNA_075,8/16/2024,SAB_5,885075,45.853575,59.433784
SAB24_EDNA_076,8/16/2024,SAB_9,885076,45.862785,59.275125
SAB24_EDNA_077,8/16/2024,SAB_9,885077,45.862785,59.275125
SAB24_EDNA_078,8/16/2024,SAB_9,885078,45.862785,59.275125
SAB24_EDNA_079,8/16/2024,SAB_14,885079,45.870942,59.140814
SAB24_EDNA_080,8/16/2024,SAB_14,885080,45.870942,59.140814
SAB24_EDNA_081,8/16/2024,SAB_14,885081,45.870942,59.140814
SAB24_EDNA_082,8/16/2024,SAB_19,885082,45.93695,58.984953
SAB24_EDNA_083,8/16/2024,SAB_19,885083,45.93695,58.984953
SAB24_EDNA_084,8/16/2024,SAB_19,885084,45.93695,58.984953
SAB24_EDNA_085,8/16/2024,SAB_15,885085,45.936672,59.100682
SAB24_EDNA_086,8/16/2024,SAB_15,885086,45.936672,59.100682
SAB24_EDNA_087,8/16/2024,SAB_15,885087,45.936672,59.100682
SAB24_EDNA_088,8/16/2024,BLANK,885088,NA,NA
SAB24_EDNA_089,8/17/2024,CAM_34,885089,45.871411,59.56617
SAB24_EDNA_090,8/17/2024,CAM_34,885090,45.871411,59.56617
SAB24_EDNA_091,8/17/2024,CAM_34,885091,45.871411,59.56617
SAB24_EDNA_092,8/17/2024,CAM_37,885092,45.827023,59.64316
SAB24_EDNA_093,8/17/2024,CAM_37,885093,45.827023,59.64316
SAB24_EDNA_094,8/17/2024,CAM_37,885094,45.827023,59.64316
SAB24_EDNA_095,8/17/2024,BLANK,885095,NA,NA
SAB24_EDNA_096,8/15/2024,CAM_13C,NA,45.8915,59.6198
SAB24_EDNA_097,8/15/2024,CAM_13C,NA,45.8915,59.6198
SAB24_EDNA_098,8/15/2024,CAM_13C,NA,45.8915,59.6198
SAB24_EDNA_099,8/15/2024,CAM_13C,NA,45.8915,59.6198
SAB24_EDNA_100,8/15/2024,CAM_13C,NA,45.8915,59.6198
SAB24_EDNA_101,8/15/2024,CAM_13C,NA,45.8915,59.6198
SAB24_EDNA_102,8/15/2024,CAM_14,NA,45.8991,59.5756
SAB24_EDNA_103,8/15/2024,CAM_14,NA,45.8991,59.5756
SAB24_EDNA_104,8/15/2024,CAM_14,NA,45.8991,59.5756
SAB24_EDNA_105,8/15/2024,CAM_14,NA,45.8991,59.5756
SAB24_EDNA_106,8/15/2024,CAM_14,NA,45.8991,59.5756
SAB24_EDNA_107,8/15/2024,CAM_14,NA,45.8991,59.5756
SAB24_EDNA_108,8/15/2024,CAM_17,NA,45.9401,59.3144
SAB24_EDNA_109,8/15/2024,CAM_17,NA,45.9401,59.3144
SAB24_EDNA_110,8/15/2024,CAM_17,NA,45.9401,59.3144
SAB24_EDNA_111,8/15/2024,CAM_17,NA,45.9401,59.3144
SAB24_EDNA_112,8/15/2024,CAM_17,NA,45.9401,59.3144
SAB24_AZMP_01,10/20/2024,STAB_06,NA,46.64487,58.54527
SAB24_AZMP_02,10/20/2024,STAB_06,NA,46.64487,58.54527
SAB24_AZMP_03,10/21/2024,STAB_05,NA,46.41679,58.88339
SAB24_AZMP_04,10/21/2024,STAB_05,NA,46.41679,58.88339
SAB24_AZMP_05,10/21/2024,STAB_04,NA,46.30005,59.064476
SAB24_AZMP_06,10/21/2024,STAB_04,NA,46.30005,59.064476
SAB24_AZMP_07,10/21/2024,STAB_03,NA,46.216604,59.194821
SAB24_AZMP_08,10/21/2024,STAB_03,NA,46.216604,59.194821
SAB24_AZMP_09,10/21/2024,STAB_02,NA,46.10833,59.36425
SAB24_AZMP_10,10/21/2024,STAB_02,NA,46.10833,59.36425
SAB24_AZMP_11,10/21/2024,STAB_01,NA,45.99982,59.53293
SAB24_AZMP_12,10/21/2024,STAB_01,NA,45.99982,59.53293
PER25-4,6/14/2025,SAB_07,625001,46.056649,59.415992
PER25-5,6/14/2025,SAB_07,625002,46.056649,59.415992
PER25-6,6/14/2025,SAB_07,625003,46.056649,59.415992
PER25-7,6/14/2025,SAB_08,625004,46.141882,59.404368
PER25-8,6/14/2025,SAB_08,625005,46.141882,59.404368
PER25-9,6/14/2025,SAB_08,625006,46.141882,59.404368
PER25-10,6/14/2025,SAB_04,625007,46.142161,59.568747
PER25-11,6/14/2025,SAB_04,625008,46.142161,59.568747
PER25-12,6/14/2025,SAB_04,625009,46.142161,59.568747
PER25-13,6/14/2025,SAB_03,625010,46.067035,59.57806
PER25-14,6/14/2025,SAB_03,625011,46.067035,59.57806
PER25-15,6/14/2025,SAB_03,625012,46.067035,59.57806
PER25-16,6/14/2025,SAB_02,625013,45.952831,59.580324
PER25-17,6/14/2025,SAB_02,625014,45.952831,59.580324
PER25-18,6/14/2025,SAB_02,625015,45.952831,59.580324
PER25-19,6/14/2025,SAB_06,625016,45.945277,59.421692
PER25-20,6/14/2025,SAB_06,625017,45.945277,59.421692
PER25-21,6/14/2025,SAB_06,625018,45.945277,59.421692
PER25-22,6/14/2025,SAB_05,625019,45.892665,59.43284
PER25-23,6/14/2025,SAB_05,625020,45.892665,59.43284
PER25-24,6/14/2025,SAB_05,625021,45.892665,59.43284
PER25-25,6/14/2025,SAB_01,625022,45.84533,59.582323
PER25-26,6/14/2025,SAB_01,625023,45.84533,59.582323
NA,6/14/2025,SAB_01,625024,45.84533,59.582323
PER25-27,6/14/2025,CURDO_10,625025,45.893869,59.598442
PER25-28,6/14/2025,CURDO_10,625026,45.893869,59.598442
PER25-29,6/14/2025,CURDO_10,625027,45.893869,59.598442
PER25-30,6/14/2025,CURDO_11,625028,45.890333,59.60842
PER25-31,6/14/2025,CURDO_11,625029,45.890333,59.60842
PER25-32,6/14/2025,CURDO_11,625030,45.890333,59.60842
PER25-33,6/14/2025,CURDO_01,625031,45.897077,59.600934
PER25-34,6/14/2025,CURDO_01,625032,45.897077,59.600934
PER25-35,6/14/2025,CURDO_01,625033,45.897077,59.600934
PER25-36,6/14/2025,CURDO_04,625034,45.900959,59.60416
PER25-37,6/14/2025,CURDO_04,625035,45.900959,59.60416
PER25-38,6/14/2025,CURDO_04,625036,45.900959,59.60416
PER25-39,6/14/2025,BLANK,625037,BLANK,BLANK
PER25-40,6/14/2025,CURDO_07,625038,45.904416,59.607051
PER25-41,6/14/2025,CURDO_07,625039,45.904416,59.607051
PER25-42,6/14/2025,CURDO_07,625040,45.904416,59.607051
PER25-43,6/15/2025,SAB_09,625041,45.862622,59.278115
PER25-44,6/15/2025,SAB_09,625042,45.862622,59.278115
PER25-45,6/15/2025,SAB_09,625043,45.862622,59.278115
PER25-46,6/15/2025,SAB_14,625044,45.871165,59.141251
PER25-47,6/15/2025,SAB_14,625045,45.871165,59.141251
PER25-48,6/15/2025,SAB_14,625046,45.871165,59.141251
PER25-49,6/15/2025,SAB_15,625047,45.929964,59.103435
PER25-50,6/15/2025,SAB_15,625048,45.929964,59.103435
PER25-51,6/15/2025,SAB_15,625049,45.929964,59.103435
PER25-52,6/15/2025,SAB_19,625050,45.93523,58.982609
PER25-53,6/15/2025,SAB_19,625051,45.93523,58.982609
PER25-54,6/15/2025,SAB_19,625052,45.93523,58.982609
PER25-55,6/15/2025,SAB_20,625053,46.037222,58.980114
PER25-56,6/15/2025,SAB_20,625054,46.037222,58.980114
PER25-57,6/15/2025,SAB_20,625055,46.037222,58.980114
PER25-58,6/15/2025,SAB_16,625056,46.047082,59.087652
PER25-59,6/15/2025,SAB_16,625057,46.047082,59.087652
PER25-60,6/15/2025,SAB_16,625058,46.047082,59.087652
PER25-61,6/15/2025,Scatarie_4,625059,45.996521,59.245021
PER25-62,6/15/2025,Scatarie_4,625060,45.996521,59.245021
PER25-63,6/15/2025,Scatarie_4,625061,45.996521,59.245021
PER25-64,6/15/2025,Scatarie_10,625062,45.971976,59.226801
PER25-65,6/15/2025,Scatarie_10,625063,45.971976,59.226801
PER25-66,6/15/2025,Scatarie_10,625064,45.971976,59.226801
PER25-67,6/15/2025,Scatarie_6,625065,45.970831,59.188323
PER25-68,6/15/2025,Scatarie_6,625066,45.970831,59.188323
PER25-69,6/15/2025,Scatarie_6,625067,45.970831,59.188323
PER25-70,6/15/2025,Scatarie_5,625068,45.949791,59.246256
PER25-71,6/15/2025,Scatarie_5,625069,45.949791,59.246256
PER25-72,6/15/2025,Scatarie_5,625070,45.949791,59.246256
PER25-73,6/15/2025,SAB_10,625071,45.940778,59.259297
PER25-74,6/15/2025,SAB_10,625072,45.940778,59.259297
PER25-75,6/15/2025,SAB_10,625073,45.940778,59.259297
PER25-76,6/15/2025,BLANK,625074,NA,NA
PER25-77,6/16/2025,SAB_11,625075,46.051367,59.254004
PER25-78,6/16/2025,SAB_11,625076,46.051367,59.254004
PER25-79,6/16/2025,SAB_11,625077,46.051367,59.254004
PER25-80,6/16/2025,SAB_12,625078,46.166096,59.245062
PER25-81,6/16/2025,SAB_12,625079,46.166096,59.245062
PER25-82,6/16/2025,SAB_12,625080,46.166096,59.245062
PER25-83,6/16/2025,SAB_17,625081,46.159152,59.087822
PER25-84,6/16/2025,SAB_17,625082,46.159152,59.087822
PER25-85,6/16/2025,SAB_17,625083,46.159152,59.087822
PER25-86,6/16/2025,SAB_18,625084,46.257869,59.110261
PER25-87,6/16/2025,SAB_18,625085,46.257869,59.110261
PER25-88,6/16/2025,SAB_18,625086,46.257869,59.110261
PER25-89,6/16/2025,SAB_13,625087,46.268487,59.225255
PER25-90,6/16/2025,SAB_13,625088,46.268487,59.225255
PER25-91,6/16/2025,SAB_13,625089,46.268487,59.225255
PER25-92,6/16/2025,BLANK,625090,NA,NA
PER25-93,6/17/2025,SAB_08,625091,45.87988,59.608594
PER25-94,6/17/2025,SAB_08,625092,45.87988,59.608594
PER25-95,6/17/2025,SAB_08,625093,45.87988,59.608594
PER25-96,6/17/2025,CURDO_05,625094,45.884762,59.605305
PER25-97,6/17/2025,CURDO_05,625095,45.884762,59.605305
NA,6/17/2025,CURDO_05,625096,45.884762,59.605305
PER25-98,6/17/2025,CURDO_02,625097,45.888467,59.601614
PER25-99,6/17/2025,CURDO_02,625098,45.888467,59.601614
PER25-100,6/17/2025,CURDO_02,625099,45.888467,59.601614
PER25-101,6/17/2025,CURDO_10,625100,45.89206,59.599093
PER25-102,6/17/2025,CURDO_10,625101,45.89206,59.599093
PER25-103,6/17/2025,CURDO_10,625102,45.89206,59.599093
PER25-104,6/17/2025,CURDO_03,625103,45.894098,59.592095
PER25-105,6/17/2025,CURDO_03,625104,45.894098,59.592095
PER25-106,6/17/2025,CURDO_03,625105,45.894098,59.592095
PER25-107,6/17/2025,CURDO_06,625106,45.893368,59.585101
PER25-108,6/17/2025,CURDO_06,625107,45.893368,59.585101
PER25-109,6/17/2025,CURDO_06,625108,45.893368,59.585101
PER25-110,6/17/2025,CURDO_09,625109,45.894041,59.579145
PER25-111,6/17/2025,CURDO_09,625110,45.894041,59.579145
PER25-112,6/17/2025,CURDO_09,625111,45.894041,59.579145
PER25-113,6/17/2025,BLANK,625112,NA,NA
PER25-114,6/18/2025,SCATARIE_NEW_,625113,45.990859,59.146284
PER25-115,6/18/2025,SCATARIE_NEW_,625114,45.990859,59.146284
PER25-116,6/18/2025,SCATARIE_NEW_,625115,45.990859,59.146284
PER25-117,6/18/2025,BLANK,625116,NA,NA
PER25-118,6/19/2025,DEEP_01,625117,46.309938,59.013688
PER25-119,6/19/2025,DEEP_01,625118,46.309938,59.013688
PER25-120,6/19/2025,DEEP_01,625119,46.309938,59.013688
PER25-121,6/19/2025,DEEP_02,625120,46.323139,58.963239
PER25-122,6/19/2025,DEEP_02,625121,46.323139,58.963239
PER25-123,6/19/2025,DEEP_02,625122,46.323139,58.963239
PER25-124,6/19/2025,DEEP_02,625123,46.323139,58.963239
PER25-125,6/19/2025,DEEP_02,625124,46.323139,58.963239
PER25-126,6/19/2025,DEEP_02,625125,46.323139,58.963239
PER25-127,6/19/2025,BLANK,625126,NA,NA
SAB26-009,6/15/2026,Curdo_03,626080,45.89256,59.593576
SAB26-010,6/15/2026,Curdo_03,626081,45.89256,59.593576
SAB26-011,6/15/2026,Curdo_03,626082,45.89256,59.593576
SAB26-012,6/15/2026,Curdo_01,626083,45.896826,59.601211
SAB26-013,6/15/2026,Curdo_01,626084,45.896826,59.601211
SAB26-014,6/15/2026,Curdo_01,626085,45.896826,59.601211
SAB26-015,6/15/2026,Curdo_02,626086,45.883213,59.601707
SAB26-016,6/15/2026,Curdo_02,626087,45.883213,59.601707
SAB26-017,6/15/2026,Curdo_02,626088,45.883213,59.601707
SAB26-018,6/15/2026,Curdo_10,626089,45.893057,59.598317
SAB26-019,6/15/2026,Curdo_10,626090,45.893057,59.598317
SAB26-020,6/15/2026,Curdo_10,626091,45.893057,59.598317
SAB26-021,6/15/2026,Curdo_09,626092,45.892523,59.579495
SAB26-022,6/15/2026,Curdo_09,626093,45.892523,59.579495
SAB26-023,6/15/2026,Curdo_09,626094,45.892523,59.579495
SAB26-024,6/15/2026,Curdo_09,626095,45.892523,59.579495
SAB26-025,6/15/2026,Curdo_09,626096,45.892523,59.579495
SAB26-026,6/15/2026,Curdo_09,626097,45.892523,59.579495
SAB26-027,6/15/2026,SAB_06,626098,45.944308,59.419985
SAB26-028,6/15/2026,SAB_06,626099,45.944308,59.419985
SAB26-029,6/15/2026,SAB_06,626100,45.944308,59.419985
SAB26-030,6/15/2026,SAB_06,626101,45.944308,59.419985
SAB26-031,6/15/2026,SAB_06,626102,45.944308,59.419985
SAB26-032,6/15/2026,SAB_06,626103,45.944308,59.419985
SAB26-033,6/15/2026,SAB_02,626104,45.957292,59.555495
SAB26-034,6/15/2026,SAB_02,626105,45.957292,59.555495
SAB26-035,6/15/2026,SAB_02,626106,45.957292,59.555495
SAB26-036,6/15/2026,SAB_03,626107,45.062166,59.569835
SAB26-037,6/15/2026,SAB_03,626108,45.062166,59.569835
SAB26-038,6/15/2026,SAB_03,626109,45.062166,59.569835
SAB26-039,6/15/2026,SAB_03_Blank,626110,NA,NA
SAB26-040,6/18/2026,Scatarie_07,626111,46.011888,59.256778
SAB26-041,6/18/2026,Scatarie_07,626112,46.011888,59.256778
SAB26-042,6/18/2026,Scatarie_07,626113,46.011888,59.256778
SAB26-043,6/18/2026,Scatarie_07,626114,46.011888,59.256778
SAB26-044,6/18/2026,Scatarie_07,626115,46.011888,59.256778
SAB26-045,6/18/2026,Scatarie_07,626116,46.011888,59.256778
SAB26-046,6/18/2026,Scatarie_10,626117,45.973123,59.229617
SAB26-047,6/18/2026,Scatarie_10,626118,45.973123,59.229617
SAB26-048,6/18/2026,Scatarie_10,626119,45.973123,59.229617
SAB26-049,6/18/2026,Scatarie_10,626120,45.973123,59.229617
SAB26-050,6/18/2026,Scatarie_10,626121,45.973123,59.229617
SAB26-051,6/18/2026,Scatarie_10,626122,45.973123,59.229617
SAB26-052,6/18/2026,Scatarie_02,626123,45.973371,59.229474
SAB26-053,6/18/2026,Scatarie_02,626124,45.973371,59.229474
SAB26-054,6/18/2026,Scatarie_02,626125,45.973371,59.229474
SAB26-055,6/18/2026,Scatarie_01,626126,45.981493,59.234053
SAB26-056,6/18/2026,Scatarie_01,626127,45.981493,59.234053
SAB26-057,6/18/2026,Scatarie_01,626128,45.981493,59.234053
SAB26-058,6/18/2026,Scatarie_03,626129,45.971696,59.214059
SAB26-059,6/18/2026,Scatarie_03,626130,45.971696,59.214059
SAB26-060,6/18/2026,Scatarie_03,626131,45.971696,59.214059
SAB26-061,6/18/2026,Scatarie_06,626132,45.970675,59.189353
SAB26-062,6/18/2026,Scatarie_06,626133,45.970675,59.189353
SAB26-063,6/18/2026,Scatarie_06,626134,45.970675,59.189353
SAB26-064,6/18/2026,Scatarie_09,626135,45.970326,59.163236
SAB26-065,6/18/2026,Scatarie_09,626136,45.970326,59.163236
SAB26-066,6/18/2026,Scatarie_09,626137,45.970326,59.163236
SAB26-067,6/18/2026,SAB_11,626138,45.970705,59.162972
SAB26-068,6/18/2026,SAB_11,626139,45.970705,59.162972
SAB26-069,6/18/2026,SAB_11,626140,45.970705,59.162972
SAB26-070,6/18/2026,SAB_7,626141,46.059143,59.41149
SAB26-071,6/18/2026,SAB_7,626142,46.059143,59.41149
SAB26-072,6/18/2026,SAB_7,626143,46.059143,59.41149
SAB26-073,6/18/2026,SAB_7_Field_Blank,626144,46.059143,59.41149
SAB26-074,6/20/2026,SAB_13,626145,46.266634,59.228535
SAB26-075,6/20/2026,SAB_13,626146,46.266634,59.228535
SAB26-076,6/20/2026,SAB_13,626147,46.266634,59.228535
SAB26-077,6/20/2026,SAB_12,626148,46.165432,59.245243
SAB26-078,6/20/2026,SAB_12,626149,46.165432,59.245243
SAB26-079,6/20/2026,SAB_12,626150,46.165432,59.245243
SAB26-080,6/20/2026,SAB_08,626151,45.14229,59.402828
SAB26-081,6/20/2026,SAB_08,626152,45.14229,59.402828
SAB26-082,6/20/2026,SAB_08,626153,45.14229,59.402828
SAB26-083,6/20/2026,SAB_04,626154,45.145438,59.565114
SAB26-084,6/20/2026,SAB_04,626155,45.145438,59.565114
SAB26-085,6/20/2026,SAB_04,626156,45.145438,59.565114
SAB26-086,6/20/2026,BLANK,626157,NA,NA
SAB26-087,6/21/2026,SAB_18,626158,46.258843,59.109725
SAB26-088,6/21/2026,SAB_18,626159,46.258843,59.109725
SAB26-089,6/21/2026,SAB_18,626160,46.258843,59.109725
SAB26-090,6/21/2026,SAB_17,626161,46.158442,59.089055
SAB26-091,6/21/2026,SAB_17,626162,46.158442,59.089055
SAB26-092,6/21/2026,SAB_17,626163,46.158442,59.089055
SAB26-093,6/21/2026,SAB_16,626164,46.049462,59.092527
SAB26-094,6/21/2026,SAB_16,626165,46.049462,59.092527
SAB26-095,6/21/2026,SAB_16,626166,46.049462,59.092527
SAB26-096,6/21/2026,SAB_15,626167,45.93584,59.101388
SAB26-097,6/21/2026,SAB_15,626168,45.93584,59.101388
SAB26-098,6/21/2026,SAB_15,626169,45.93584,59.101388
SAB26-099,6/21/2026,SAB_14,626170,45.87199,59.142458
SAB26-100,6/21/2026,SAB_14,626171,45.87199,59.142458
SAB26-101,6/21/2026,SAB_14,626172,45.87199,59.142458
SAB26-102,6/21/2026,SAB_09,626173,45.863992,59.275774
SAB26-103,6/21/2026,SAB_09,626174,45.863992,59.275774
SAB26-104,6/21/2026,SAB_09,626175,45.863992,59.275774
SAB26-105,6/21/2026,SAB_05,626176,45.853402,59.433318
SAB26-106,6/21/2026,SAB_05,626177,45.853402,59.433318
SAB26-107,6/21/2026,SAB_05,626178,45.853402,59.433318
SAB26-108,6/21/2026,SAB_01,626179,45.845021,59.580741
SAB26-109,6/21/2026,SAB_01,626180,45.845021,59.580741
SAB26-110,6/21/2026,SAB_01,626181,45.845021,59.580741
SAB26-111,6/21/2026,BLANK,626182,NA,NA
